SP1,17/08/2018,Betis,Levante,0,3,null,null,null,null,null,null,null,null,null,null,0,3,3,0,0,3,3,0;
SP1,17/08/2018,Girona,Valladolid,0,0,null,null,null,null,null,null,null,null,null,null,0,0,0,0,0,0,0,0;
SP1,18/08/2018,Barcelona,Alaves,3,0,null,null,null,null,null,null,null,null,null,null,3,0,0,3,3,0,0,3;
SP1,18/08/2018,Celta,Espanol,1,1,null,null,null,null,null,null,null,null,null,null,1,1,1,1,1,1,1,1;
SP1,18/08/2018,Villarreal,Sociedad,1,2,null,null,null,null,null,null,null,null,null,null,1,2,2,1,1,2,2,1;
SP1,19/08/2018,Eibar,Huesca,1,2,null,null,null,null,null,null,null,null,null,null,1,2,2,1,1,2,2,1;
SP1,19/08/2018,Real Madrid,Getafe,2,0,null,null,null,null,null,null,null,null,null,null,2,0,0,2,2,0,0,2;
SP1,19/08/2018,Vallecano,Sevilla,1,4,null,null,null,null,null,null,null,null,null,null,1,4,4,1,1,4,4,1;
SP1,20/08/2018,Ath Bilbao,Leganes,2,1,null,null,null,null,null,null,null,null,null,null,2,1,1,2,2,1,1,2;
SP1,20/08/2018,Valencia,Ath Madrid,1,1,null,null,null,null,null,null,null,null,null,null,1,1,1,1,1,1,1,1;
SP1,24/08/2018,Getafe,Eibar,2,0,null,null,null,null,null,null,1,1,1,1,2,0,2,0,2,0,2,0;
SP1,24/08/2018,Leganes,Sociedad,2,2,null,null,null,null,null,null,1,1,1,1,2,2,4,3,2,2,2,1.5;
SP1,25/08/2018,Alaves,Betis,0,0,null,null,null,null,null,null,1,1,1,1,0,0,0,0,0,0,0,0;
SP1,25/08/2018,Ath Madrid,Vallecano,1,0,null,null,null,null,null,null,1,1,1,1,1,0,1,0,1,0,1,0;
SP1,25/08/2018,Valladolid,Barcelona,0,1,null,null,null,null,null,null,1,1,1,1,0,1,0,1,0,1,0,1;
SP1,26/08/2018,Espanol,Valencia,2,0,null,null,null,null,null,null,1,1,1,1,2,0,2,0,2,0,2,0;
SP1,26/08/2018,Girona,Real Madrid,1,4,null,null,null,null,null,null,1,1,1,1,1,4,1,4,0.5,2,1,4;
SP1,26/08/2018,Sevilla,Villarreal,0,0,null,null,null,null,null,null,1,1,1,1,0,0,0,0,0,0,0,0;
SP1,27/08/2018,Ath Bilbao,Huesca,2,2,null,null,null,null,null,null,1,1,1,1,4,3,4,3,2,1.5,2,1.5;
SP1,27/08/2018,Levante,Celta,1,2,null,null,null,null,null,null,1,1,1,1,1,2,1,2,1,2,1,2;
SP1,31/08/2018,Eibar,Sociedad,2,1,null,null,null,null,null,null,1,1,1,1,3,3,6,4,1.5,1.5,2,1.33;
SP1,31/08/2018,Getafe,Valladolid,0,0,null,null,null,null,null,null,2,2,1,1,2,0,0,0,1,0,0,0;
SP1,31/08/2018,Villarreal,Girona,0,1,null,null,null,null,null,null,1,1,1,1,1,3,0,1,0.5,1.5,0,1;
SP1,01/09/2018,Celta,Ath Madrid,2,0,null,null,null,null,null,null,1,1,1,1,3,1,3,1,1.5,0.5,1.5,0.5;
SP1,01/09/2018,Real Madrid,Leganes,4,1,null,null,null,null,null,null,1,1,1,1,6,1,5,3,3,0.5,2.5,1.5;
SP1,02/09/2018,Alaves,Espanol,2,1,null,null,null,null,null,null,1,1,1,1,2,1,3,2,1,0.5,1.5,1;
SP1,02/09/2018,Barcelona,Huesca,8,2,null,null,null,null,null,null,1,1,1,1,11,2,12,5,5.5,1,4,1.67;
SP1,02/09/2018,Betis,Sevilla,1,0,null,null,null,null,null,null,1,1,1,1,1,3,5,1,0.5,1.5,2.5,0.5;
SP1,02/09/2018,Levante,Valencia,2,2,null,null,null,null,null,null,1,1,1,1,3,4,4,2,1.5,2,2,1;
SP1,14/09/2018,Huesca,Vallecano,0,1,null,null,null,null,null,null,1,1,1,1,0,1,1,1,0,1,0.5,0.5;
SP1,15/09/2018,Ath Bilbao,Real Madrid,1,1,null,null,null,null,null,null,1,1,2,2,5,4,2,5,1.67,1.33,1,2.5;
SP1,15/09/2018,Ath Madrid,Eibar,1,1,null,null,null,null,null,null,2,2,1,1,2,1,3,1,1,0.5,1.5,0.5;
SP1,15/09/2018,Sociedad,Barcelona,1,2,null,null,null,null,null,null,1,1,2,2,1,2,1,3,1,2,0.5,1.5;
SP1,15/09/2018,Valencia,Betis,0,0,null,null,null,null,null,null,1,1,1,1,1,1,0,0,0.5,0.5,0,0;
SP1,16/09/2018,Espanol,Levante,1,0,null,null,null,null,null,null,2,2,1,1,3,0,4,0,1.5,0,2,0;
SP1,16/09/2018,Leganes,Villarreal,0,1,null,null,null,null,null,null,1,1,1,1,2,3,0,1,1,1.5,0,0.5;
SP1,16/09/2018,Sevilla,Getafe,0,2,null,null,null,null,null,null,1,1,1,1,0,2,0,4,0,1,0,2;
SP1,16/09/2018,Valladolid,Alaves,0,1,null,null,null,null,null,null,1,1,1,1,0,2,0,4,0,1,0,2;
SP1,17/09/2018,Girona,Celta,3,2,null,null,null,null,null,null,1,1,2,2,4,6,4,4,1.33,2,2,2;
SP1,21/09/2018,Huesca,Sociedad,0,1,null,null,null,null,null,null,1,1,1,1,0,2,6,5,0,1,1.5,1.25;
SP1,22/09/2018,Celta,Valladolid,3,3,null,null,null,null,null,null,2,2,1,1,6,4,3,3,2,1.33,1,1;
SP1,22/09/2018,Eibar,Leganes,1,0,null,null,null,null,null,null,2,2,1,1,4,3,6,3,1.33,1,2,1;
SP1,22/09/2018,Getafe,Ath Madrid,0,2,null,null,null,null,null,null,1,1,1,1,2,2,3,3,0.67,0.67,1,1;
SP1,22/09/2018,Real Madrid,Espanol,1,0,null,null,null,null,null,null,2,2,1,1,7,1,4,2,2.33,0.33,1.33,0.67;
SP1,23/09/2018,Barcelona,Girona,2,2,null,null,null,null,null,null,2,2,2,2,13,4,2,3,4.33,1.33,1,1.5;
SP1,22/09/2018,Vallecano,Alaves,1,5,null,null,null,null,null,null,1,1,2,2,2,9,1,9,1,4.5,0.33,3;
SP1,23/09/2018,Betis,Ath Bilbao,2,2,null,null,null,null,null,null,2,2,1,1,3,5,2,2,1,1.67,2,2;
SP1,23/09/2018,Levante,Sevilla,2,6,null,null,null,null,null,null,1,1,1,1,5,10,7,7,1.67,3.33,2.33,2.33;
SP1,23/09/2018,Villarreal,Valencia,0,0,null,null,null,null,null,null,1,1,1,1,1,3,4,2,0.33,1,1.33,0.67;
SP1,25/09/2018,Ath Madrid,Huesca,3,0,null,null,null,null,null,null,1,1,1,1,5,1,15,5,1.67,0.33,3.75,1.25;
SP1,25/09/2018,Espanol,Eibar,1,0,null,null,null,null,null,null,3,3,1,1,4,0,4,1,1.33,0,1.33,0.33;
SP1,25/09/2018,Sociedad,Vallecano,2,2,null,null,null,null,null,null,1,1,2,2,3,4,3,3,1.5,2,1,1;
SP1,26/09/2018,Ath Bilbao,Villarreal,0,3,null,null,null,null,null,null,1,1,2,2,5,7,0,4,1.25,1.75,0,1.33;
SP1,26/09/2018,Leganes,Barcelona,2,1,null,null,null,null,null,null,1,1,3,3,4,4,3,4,1.33,1.33,1,1.33;
SP1,26/09/2018,Sevilla,Real Madrid,3,0,null,null,null,null,null,null,1,1,1,1,3,2,5,5,1,0.67,1.67,1.67;
SP1,26/09/2018,Valencia,Celta,1,1,null,null,null,null,null,null,1,1,1,1,2,2,5,5,0.67,0.67,1.67,1.67;
SP1,27/09/2018,Alaves,Getafe,1,1,null,null,null,null,null,null,2,2,2,2,3,2,1,5,1,0.67,0.33,1.67;
SP1,27/09/2018,Girona,Betis,0,1,null,null,null,null,null,null,2,2,1,1,4,7,0,1,1,1.75,0,0.33;
SP1,27/09/2018,Valladolid,Levante,2,1,null,null,null,null,null,null,1,1,1,1,2,3,6,1,0.67,1,2,0.33;
SP1,28/09/2018,Vallecano,Espanol,2,2,null,null,null,null,null,null,1,1,1,1,4,11,6,4,1.33,3.67,1.5,1;
SP1,29/09/2018,Barcelona,Ath Bilbao,1,1,null,null,null,null,null,null,1,1,1,1,14,5,3,3,3.5,1.25,1.5,1.5;
SP1,29/09/2018,Eibar,Sevilla,1,3,null,null,null,null,null,null,3,3,2,2,5,6,8,10,1.25,1.5,2,2.5;
SP1,29/09/2018,Real Madrid,Ath Madrid,0,0,null,null,null,null,null,null,3,3,2,2,7,1,3,3,1.75,0.25,0.75,0.75;
SP1,29/09/2018,Sociedad,Valencia,0,1,null,null,null,null,null,null,1,1,1,1,3,5,4,3,1,1.67,1,0.75;
SP1,30/09/2018,Betis,Leganes,1,0,null,null,null,null,null,null,1,1,1,1,4,5,7,3,1,1.25,1.75,0.75;
SP1,30/09/2018,Huesca,Girona,1,1,null,null,null,null,null,null,1,1,1,1,1,3,3,4,0.33,1,1,1.33;
SP1,30/09/2018,Levante,Alaves,2,1,null,null,null,null,null,null,1,1,3,3,7,11,3,10,1.75,2.75,0.75,2.5;
SP1,30/09/2018,Villarreal,Valladolid,0,1,null,null,null,null,null,null,1,1,1,1,1,4,3,4,0.25,1,0.75,1;
SP1,01/10/2018,Celta,Getafe,1,1,null,null,null,null,null,null,1,1,1,1,7,5,2,6,1.75,1.25,0.5,1.5;
SP1,05/10/2018,Ath Bilbao,Sociedad,1,3,null,null,null,null,null,null,1,1,2,2,6,10,7,8,1.2,2,1.4,1.6;
SP1,06/10/2018,Alaves,Real Madrid,1,0,null,null,null,null,null,null,1,1,1,1,4,2,6,5,1,0.5,1.5,1.25;
SP1,06/10/2018,Getafe,Levante,0,1,null,null,null,null,null,null,1,1,1,1,2,3,6,2,0.5,0.75,1.5,0.5;
SP1,06/10/2018,Girona,Eibar,2,3,null,null,null,null,null,null,1,1,1,1,6,10,6,4,1.2,2,1.5,1;
SP1,06/10/2018,Leganes,Vallecano,1,0,null,null,null,null,null,null,2,2,1,1,5,4,4,3,1.25,1,1,0.75;
SP1,07/10/2018,Ath Madrid,Betis,1,0,null,null,null,null,null,null,2,2,2,2,6,1,1,1,1.5,0.25,0.25,0.25;
SP1,07/10/2018,Espanol,Villarreal,3,1,null,null,null,null,null,null,4,4,3,3,7,1,3,5,1.75,0.25,0.75,1.25;
SP1,07/10/2018,Sevilla,Celta,2,1,null,null,null,null,null,null,2,2,1,1,5,3,7,6,1.25,0.75,1.75,1.5;
SP1,07/10/2018,Valencia,Barcelona,1,1,null,null,null,null,null,null,1,1,1,1,3,3,4,5,0.75,0.75,1,1.25;
SP1,07/10/2018,Valladolid,Huesca,1,0,null,null,null,null,null,null,2,2,1,1,3,3,16,5,0.75,0.75,3.2,1;
SP1,19/10/2018,Celta,Alaves,0,1,null,null,null,null,null,null,1,1,1,1,7,6,3,11,1.4,1.2,0.6,2.2;
SP1,20/10/2018,Barcelona,Sevilla,4,2,null,null,null,null,null,null,1,1,3,3,18,7,12,12,3.6,1.4,2.4,2.4;
SP1,20/10/2018,Real Madrid,Levante,1,2,null,null,null,null,null,null,1,1,2,2,8,3,7,4,1.6,0.6,1.4,0.8;
SP1,20/10/2018,Valencia,Leganes,1,1,null,null,null,null,null,null,1,1,1,1,4,4,8,4,0.8,0.8,1.6,0.8;
SP1,20/10/2018,Villarreal,Ath Madrid,1,1,null,null,null,null,null,null,1,1,1,1,2,5,4,4,0.4,1,0.8,0.8;
SP1,21/10/2018,Eibar,Ath Bilbao,1,1,null,null,null,null,null,null,1,1,1,1,6,7,4,4,1.2,1.4,1.33,1.33;
SP1,21/10/2018,Betis,Valladolid,0,1,null,null,null,null,null,null,2,2,2,2,4,6,3,5,0.8,1.2,0.6,1;
SP1,21/10/2018,Huesca,Espanol,0,2,null,null,null,null,null,null,1,1,1,1,1,5,6,6,0.25,1.25,1.2,1.2;
SP1,21/10/2018,Vallecano,Getafe,1,2,null,null,null,null,null,null,1,1,1,1,5,13,3,8,1.25,3.25,0.6,1.6;
SP1,22/10/2018,Sociedad,Girona,0,0,null,null,null,null,null,null,1,1,1,1,3,5,3,4,0.75,1.25,0.75,1;
SP1,24/10/2018,Vallecano,Ath Bilbao,1,1,null,null,null,null,null,null,1,1,1,1,6,14,5,5,1.2,2.8,1.25,1.25;
SP1,26/10/2018,Valladolid,Espanol,1,1,null,null,null,null,null,null,3,3,2,2,4,4,7,7,0.8,0.8,1.17,1.17;
SP1,27/10/2018,Ath Bilbao,Valencia,0,0,null,null,null,null,null,null,1,1,2,2,6,10,4,3,1,1.67,0.8,0.6;
SP1,27/10/2018,Ath Madrid,Sociedad,2,0,null,null,null,null,null,null,3,3,3,3,8,1,9,8,1.6,0.2,1.5,1.33;
SP1,27/10/2018,Celta,Eibar,4,0,null,null,null,null,null,null,1,1,2,2,11,6,10,4,1.83,1,2,0.8;
SP1,27/10/2018,Girona,Vallecano,2,1,null,null,null,null,null,null,1,1,1,1,8,11,6,4,1.33,1.83,1.2,0.8;
SP1,27/10/2018,Levante,Leganes,2,0,null,null,null,null,null,null,2,2,1,1,9,11,10,4,1.8,2.2,1.67,0.67;
SP1,28/10/2018,Alaves,Villarreal,2,1,null,null,null,null,null,null,2,2,1,1,6,3,5,6,1.2,0.6,1,1.2;
SP1,28/10/2018,Barcelona,Real Madrid,5,1,null,null,null,null,null,null,2,2,1,1,23,8,11,6,3.83,1.33,2.2,1.2;
SP1,28/10/2018,Getafe,Betis,2,0,null,null,null,null,null,null,1,1,1,1,4,3,3,1,0.8,0.6,0.6,0.2;
SP1,28/10/2018,Sevilla,Huesca,2,1,null,null,null,null,null,null,3,3,1,1,7,4,18,6,1.4,0.8,3,1;
SP1,03/11/2018,Leganes,Ath Madrid,1,1,null,null,null,null,null,null,3,3,1,1,6,5,5,5,1.2,1,0.83,0.83;
SP1,03/11/2018,Real Madrid,Valladolid,2,0,null,null,null,null,null,null,1,1,3,3,10,3,5,5,1.67,0.5,0.83,0.83;
SP1,03/11/2018,Valencia,Girona,0,1,null,null,null,null,null,null,1,1,1,1,4,5,3,5,0.67,0.83,0.6,1;
SP1,03/11/2018,Vallecano,Barcelona,2,3,null,null,null,null,null,null,1,1,1,1,8,17,6,8,1.33,2.83,1.2,1.6;
SP1,04/11/2018,Betis,Celta,3,3,null,null,null,null,null,null,1,1,1,1,7,9,10,9,1.17,1.5,2,1.8;
SP1,04/11/2018,Eibar,Alaves,2,1,null,null,null,null,null,null,1,1,2,2,8,8,5,12,1.33,1.33,0.83,2;
SP1,04/11/2018,Huesca,Getafe,1,1,null,null,null,null,null,null,1,1,2,2,2,6,4,9,0.4,1.2,0.67,1.5;
SP1,04/11/2018,Sociedad,Sevilla,0,0,null,null,null,null,null,null,1,1,1,1,3,5,12,12,0.6,1,2,2;
SP1,04/11/2018,Villarreal,Levante,1,1,null,null,null,null,null,null,1,1,3,3,3,6,8,5,0.5,1,1.33,0.83;
SP1,05/11/2018,Espanol,Ath Bilbao,1,0,null,null,null,null,null,null,5,5,1,1,8,1,6,5,1.6,0.2,1.2,1;
SP1,09/11/2018,Levante,Sociedad,1,3,null,null,null,null,null,null,3,3,1,1,10,14,10,11,1.67,2.33,1.43,1.57;
SP1,10/11/2018,Ath Madrid,Ath Bilbao,3,2,null,null,null,null,null,null,4,4,1,1,11,3,9,7,1.83,0.5,1.5,1.17;
SP1,10/11/2018,Getafe,Valencia,0,1,null,null,null,null,null,null,2,2,1,1,4,4,4,4,0.67,0.67,0.67,0.67;
SP1,10/11/2018,Girona,Leganes,0,0,null,null,null,null,null,null,2,2,1,1,8,11,10,4,1.14,1.57,1.43,0.57;
SP1,10/11/2018,Valladolid,Eibar,0,0,null,null,null,null,null,null,1,1,1,1,4,4,10,4,0.67,0.67,1.67,0.67;
SP1,11/11/2018,Alaves,Huesca,2,1,null,null,null,null,null,null,3,3,1,1,8,4,20,7,1.33,0.67,2.86,1;
SP1,11/11/2018,Barcelona,Betis,3,4,null,null,null,null,null,null,3,3,1,1,26,12,6,5,3.71,1.71,1,0.83;
SP1,11/11/2018,Celta,Real Madrid,2,4,null,null,null,null,null,null,2,2,1,1,13,10,13,10,1.86,1.43,2.17,1.67;
SP1,11/11/2018,Sevilla,Espanol,2,1,null,null,null,null,null,null,4,4,1,1,9,5,9,8,1.5,0.83,1.29,1.14;
SP1,11/11/2018,Vallecano,Villarreal,2,2,null,null,null,null,null,null,1,1,1,1,10,19,7,8,1.43,2.71,1.17,1.33;
SP1,23/11/2018,Leganes,Alaves,1,0,null,null,null,null,null,null,1,1,1,1,7,5,6,12,1.17,0.83,0.86,1.71;
SP1,24/11/2018,Ath Madrid,Barcelona,1,1,null,null,null,null,null,null,5,5,2,2,12,4,7,9,1.71,0.57,1.17,1.5;
SP1,24/11/2018,Eibar,Real Madrid,3,0,null,null,null,null,null,null,2,2,2,2,11,8,16,10,1.57,1.14,2.29,1.43;
SP1,24/11/2018,Huesca,Levante,2,2,null,null,null,null,null,null,1,1,1,1,4,8,10,7,0.67,1.33,1.43,1;
SP1,24/11/2018,Valencia,Vallecano,3,0,null,null,null,null,null,null,1,1,1,1,7,5,9,4,1,0.71,1.5,0.67;
SP1,25/11/2018,Ath Bilbao,Getafe,1,1,null,null,null,null,null,null,1,1,1,1,7,11,5,10,1,1.57,0.71,1.43;
SP1,25/11/2018,Sevilla,Valladolid,1,0,null,null,null,null,null,null,5,5,1,1,10,5,6,5,1.43,0.71,0.86,0.71;
SP1,25/11/2018,Espanol,Girona,1,3,null,null,null,null,null,null,6,6,2,2,9,4,4,8,1.5,0.67,0.67,1.33;
SP1,25/11/2018,Villarreal,Betis,2,1,null,null,null,null,null,null,1,1,2,2,5,7,8,6,0.71,1,1.14,0.86;
SP1,26/11/2018,Sociedad,Celta,2,1,null,null,null,null,null,null,1,1,1,1,5,6,12,10,0.83,1,2,1.67;
SP1,30/11/2018,Vallecano,Eibar,1,0,null,null,null,null,null,null,1,1,1,1,11,19,11,4,1.38,2.37,1.57,0.57;
SP1,01/12/2018,Celta,Huesca,2,0,null,null,null,null,null,null,1,1,1,1,15,10,22,7,1.88,1.25,2.75,0.87;
SP1,01/12/2018,Getafe,Espanol,3,0,null,null,null,null,null,null,1,1,1,1,7,4,12,8,1,0.57,1.5,1;
SP1,01/12/2018,Real Madrid,Valencia,2,0,null,null,null,null,null,null,2,2,2,2,12,3,6,4,1.71,0.43,0.86,0.57;
SP1,01/12/2018,Valladolid,Leganes,2,4,null,null,null,null,null,null,1,1,1,1,6,8,12,8,0.86,1.14,1.5,1;
SP1,02/12/2018,Alaves,Sevilla,1,1,null,null,null,null,null,null,4,4,1,1,9,5,13,13,1.29,0.71,1.86,1.86;
SP1,02/12/2018,Barcelona,Villarreal,2,0,null,null,null,null,null,null,1,1,1,1,28,12,9,8,3.5,1.5,1.29,1.14;
SP1,02/12/2018,Betis,Sociedad,1,0,null,null,null,null,null,null,1,1,2,2,8,9,11,11,1.14,1.29,1.38,1.37;
SP1,02/12/2018,Girona,Ath Madrid,1,1,null,null,null,null,null,null,1,1,1,1,9,12,6,6,1.13,1.5,0.86,0.86;
SP1,03/12/2018,Levante,Ath Bilbao,3,0,null,null,null,null,null,null,1,1,1,1,13,14,12,7,1.86,2,1.71,1;
SP1,07/12/2018,Leganes,Getafe,1,1,null,null,null,null,null,null,2,2,1,1,8,6,6,11,1.14,0.86,0.75,1.37;
SP1,08/12/2018,Ath Madrid,Alaves,3,0,null,null,null,null,null,null,1,1,1,1,15,4,9,12,1.88,0.5,1.13,1.5;
SP1,08/12/2018,Espanol,Barcelona,0,4,null,null,null,null,null,null,1,1,1,1,9,8,7,13,1.29,1.14,1,1.86;
SP1,08/12/2018,Valencia,Sevilla,1,1,null,null,null,null,null,null,2,2,1,1,8,6,14,14,1,0.75,1.75,1.75;
SP1,08/12/2018,Villarreal,Celta,2,3,null,null,null,null,null,null,2,2,1,1,7,10,14,13,0.88,1.25,2,1.86;
SP1,09/12/2018,Betis,Vallecano,2,0,null,null,null,null,null,null,2,2,1,1,10,9,11,4,1.25,1.12,1.57,0.57;
SP1,09/12/2018,Eibar,Levante,4,4,null,null,null,null,null,null,3,3,1,1,15,12,14,11,1.88,1.5,1.75,1.37;
SP1,09/12/2018,Huesca,Real Madrid,0,1,null,null,null,null,null,null,1,1,1,1,4,9,16,11,0.57,1.29,2,1.37;
SP1,09/12/2018,Sociedad,Valladolid,1,2,null,null,null,null,null,null,2,2,1,1,6,8,7,7,0.86,1.14,0.88,0.87;
SP1,10/12/2018,Ath Bilbao,Girona,1,0,null,null,null,null,null,null,1,1,3,3,8,11,5,8,1,1.37,0.71,1.14;
SP1,14/12/2018,Celta,Leganes,0,0,null,null,null,null,null,null,2,2,2,2,15,10,12,8,1.67,1.11,1.33,0.89;
SP1,15/12/2018,Eibar,Valencia,1,1,null,null,null,null,null,null,1,1,1,1,16,13,7,5,1.78,1.44,0.88,0.62;
SP1,15/12/2018,Getafe,Sociedad,1,0,null,null,null,null,null,null,2,2,1,1,8,4,12,11,1,0.5,1.33,1.22;
SP1,15/12/2018,Real Madrid,Vallecano,1,0,null,null,null,null,null,null,3,3,1,1,13,3,12,4,1.63,0.37,1.5,0.5;
SP1,15/12/2018,Valladolid,Ath Madrid,2,3,null,null,null,null,null,null,1,1,1,1,8,11,8,9,1,1.37,1,1.12;
SP1,16/12/2018,Espanol,Betis,1,3,null,null,null,null,null,null,1,1,1,1,10,11,9,9,1.25,1.37,1.13,1.12;
SP1,16/12/2018,Huesca,Villarreal,2,2,null,null,null,null,null,null,1,1,1,1,6,11,11,10,0.75,1.37,1.38,1.25;
SP1,16/12/2018,Sevilla,Girona,2,0,null,null,null,null,null,null,6,6,1,1,12,5,7,8,1.5,0.62,0.88,1;
SP1,16/12/2018,Levante,Barcelona,0,5,null,null,null,null,null,null,2,2,2,2,13,19,7,18,1.63,2.37,0.88,2.25;
SP1,17/12/2018,Alaves,Ath Bilbao,0,0,null,null,null,null,null,null,1,1,1,1,9,5,12,7,1.13,0.62,1.5,0.87;
SP1,21/12/2018,Girona,Getafe,1,1,null,null,null,null,null,null,1,1,1,1,10,13,7,12,1.11,1.44,0.78,1.33;
SP1,21/12/2018,Sociedad,Alaves,0,1,null,null,null,null,null,null,1,1,1,1,6,9,9,13,0.75,1.12,1,1.44;
SP1,22/12/2018,Ath Bilbao,Valladolid,1,1,null,null,null,null,null,null,2,2,2,2,9,12,8,8,1,1.33,0.89,0.89;
SP1,22/12/2018,Ath Madrid,Espanol,1,0,null,null,null,null,null,null,2,2,1,1,16,4,13,8,1.78,0.44,1.44,0.89;
SP1,22/12/2018,Barcelona,Celta,2,0,null,null,null,null,null,null,2,2,2,2,30,12,16,13,3.33,1.33,2,1.62;
SP1,22/12/2018,Betis,Eibar,1,1,null,null,null,null,null,null,3,3,1,1,11,10,12,5,1.22,1.11,1.5,0.62;
SP1,23/12/2018,Leganes,Sevilla,1,1,null,null,null,null,null,null,1,1,1,1,9,7,15,15,1.13,0.87,1.67,1.67;
SP1,23/12/2018,Valencia,Huesca,2,1,null,null,null,null,null,null,1,1,1,1,10,7,24,8,1.11,0.78,2.67,0.89;
SP1,23/12/2018,Vallecano,Levante,2,1,null,null,null,null,null,null,2,2,1,1,13,20,16,12,1.44,2.22,1.78,1.33;
SP1,03/01/2019,Villarreal,Real Madrid,2,2,null,null,null,null,null,null,1,1,2,2,9,12,18,13,1,1.33,2,1.44;
SP1,04/01/2019,Espanol,Leganes,1,0,null,null,null,null,null,null,1,1,1,1,11,11,12,6,1.22,1.22,1.33,0.67;
SP1,04/01/2019,Levante,Girona,2,2,null,null,null,null,null,null,1,1,1,1,15,21,9,10,1.67,2.33,1,1.11;
SP1,05/01/2019,Alaves,Valencia,2,1,null,null,null,null,null,null,1,1,1,1,11,6,9,6,1.22,0.67,1,0.67;
SP1,05/01/2019,Huesca,Betis,2,1,null,null,null,null,null,null,1,1,2,2,8,12,11,10,0.89,1.33,1.22,1.11;
SP1,05/01/2019,Valladolid,Vallecano,0,1,null,null,null,null,null,null,1,1,1,1,8,12,12,5,0.89,1.33,1.33,0.56;
SP1,06/01/2019,Eibar,Villarreal,0,0,null,null,null,null,null,null,1,1,1,1,15,11,11,10,1.67,1.22,1.22,1.11;
SP1,06/01/2019,Getafe,Barcelona,1,2,null,null,null,null,null,null,3,3,3,3,9,6,8,20,1,0.67,0.89,2.22;
SP1,06/01/2019,Real Madrid,Sociedad,0,2,null,null,null,null,null,null,4,4,1,1,13,5,10,12,1.44,0.56,1.11,1.33;
SP1,06/01/2019,Sevilla,Ath Madrid,1,1,null,null,null,null,null,null,7,7,2,2,13,6,9,10,1.44,0.67,1,1.11;
SP1,07/01/2019,Celta,Ath Bilbao,1,2,null,null,null,null,null,null,1,1,1,1,15,11,13,9,1.67,1.22,1.44,1;
SP1,11/01/2019,Vallecano,Celta,4,2,null,null,null,null,null,null,3,3,1,1,16,18,20,15,1.78,2,2.22,1.67;
SP1,12/01/2019,Girona,Alaves,1,1,null,null,null,null,null,null,1,1,2,2,11,14,10,11,1.22,1.56,1.11,1.22;
SP1,12/01/2019,Leganes,Huesca,1,0,null,null,null,null,null,null,1,1,1,1,10,7,23,7,1.11,0.78,2.56,0.78;
SP1,12/01/2019,Valencia,Valladolid,1,1,null,null,null,null,null,null,2,2,1,1,10,7,9,9,1.11,0.78,1,1;
SP1,12/01/2019,Villarreal,Getafe,1,2,null,null,null,null,null,null,1,1,1,1,9,12,8,12,1,1.33,0.89,1.33;
SP1,13/01/2019,Ath Bilbao,Sevilla,2,0,null,null,null,null,null,null,1,1,1,1,9,11,13,14,1,1.22,1.44,1.56;
SP1,13/01/2019,Ath Madrid,Levante,1,0,null,null,null,null,null,null,3,3,1,1,16,4,14,12,1.78,0.44,1.56,1.33;
SP1,13/01/2019,Barcelona,Eibar,3,0,null,null,null,null,null,null,3,3,1,1,30,12,15,5,3.33,1.33,1.67,0.56;
SP1,13/01/2019,Betis,Real Madrid,1,2,null,null,null,null,null,null,1,1,1,1,12,9,18,11,1.33,1,2,1.22;
SP1,14/01/2019,Sociedad,Espanol,3,2,null,null,null,null,null,null,1,1,1,1,9,11,15,9,1,1.22,1.67,1;
SP1,18/01/2019,Getafe,Alaves,4,0,null,null,null,null,null,null,1,1,1,1,11,6,14,10,1.22,0.67,1.56,1.11;
SP1,19/01/2019,Celta,Valencia,1,2,null,null,null,null,null,null,1,1,1,1,14,13,8,8,1.56,1.44,0.89,0.89;
SP1,19/01/2019,Huesca,Ath Madrid,0,3,null,null,null,null,null,null,2,2,1,1,8,14,8,12,0.89,1.56,0.89,1.33;
SP1,19/01/2019,Real Madrid,Sevilla,2,0,null,null,null,null,null,null,1,1,1,1,13,5,14,14,1.44,0.56,1.56,1.56;
SP1,20/01/2019,Barcelona,Leganes,3,1,null,null,null,null,null,null,4,4,1,1,25,11,11,6,2.78,1.22,1.22,0.67;
SP1,20/01/2019,Betis,Girona,3,2,null,null,null,null,null,null,1,1,1,1,14,11,12,11,1.56,1.22,1.33,1.22;
SP1,20/01/2019,Levante,Valladolid,2,0,null,null,null,null,null,null,1,1,1,1,16,19,11,9,1.78,2.11,1.22,1;
SP1,20/01/2019,Vallecano,Sociedad,2,2,null,null,null,null,null,null,4,4,2,2,17,15,10,12,1.89,1.67,1.11,1.33;
SP1,20/01/2019,Villarreal,Ath Bilbao,1,1,null,null,null,null,null,null,1,1,2,2,10,12,12,8,1.11,1.33,1.33,0.89;
SP1,21/01/2019,Eibar,Espanol,3,0,null,null,null,null,null,null,1,1,1,1,16,10,16,8,1.78,1.11,1.78,0.89;
SP1,26/01/2019,Ath Madrid,Getafe,2,0,null,null,null,null,null,null,4,4,2,2,17,3,10,10,1.89,0.33,1.11,1.11;
SP1,26/01/2019,Leganes,Eibar,2,2,null,null,null,null,null,null,2,2,1,1,10,7,15,7,1.11,0.78,1.67,0.78;
SP1,26/01/2019,Sevilla,Levante,5,0,null,null,null,null,null,null,1,1,1,1,18,6,18,12,2,0.67,2,1.33;
SP1,26/01/2019,Valencia,Villarreal,3,0,null,null,null,null,null,null,1,1,1,1,13,7,14,10,1.44,0.78,1.56,1.11;
SP1,27/01/2019,Espanol,Real Madrid,2,4,null,null,null,null,null,null,2,2,2,2,11,15,19,14,1.22,1.67,2.11,1.56;
SP1,27/01/2019,Ath Bilbao,Betis,1,0,null,null,null,null,null,null,2,2,1,1,8,9,12,10,0.89,1,1.33,1.11;
SP1,27/01/2019,Girona,Barcelona,0,2,null,null,null,null,null,null,1,1,4,4,10,12,8,21,1.11,1.33,0.89,2.33;
SP1,27/01/2019,Sociedad,Huesca,0,0,null,null,null,null,null,null,2,2,1,1,8,9,21,5,0.89,1,2.33,0.56;
SP1,27/01/2019,Valladolid,Celta,2,1,null,null,null,null,null,null,1,1,1,1,10,12,21,14,1.11,1.33,2.33,1.56;
SP1,28/01/2019,Alaves,Vallecano,0,1,null,null,null,null,null,null,2,2,2,2,11,7,11,6,1.22,0.78,1.22,0.67;
SP1,02/02/2019,Barcelona,Valencia,2,2,null,null,null,null,null,null,5,5,2,2,25,11,8,8,2.78,1.22,0.89,0.89;
SP1,01/02/2019,Huesca,Valladolid,4,0,null,null,null,null,null,null,1,1,1,1,12,13,12,6,1.33,1.44,1.33,0.67;
SP1,02/02/2019,Celta,Sevilla,1,0,null,null,null,null,null,null,1,1,1,1,12,10,13,8,1.33,1.11,1.44,0.89;
SP1,02/02/2019,Levante,Getafe,0,0,null,null,null,null,null,null,2,2,1,1,14,17,9,9,1.56,1.89,1,1;
SP1,02/02/2019,Sociedad,Ath Bilbao,2,1,null,null,null,null,null,null,1,1,1,1,8,8,13,8,0.89,0.89,1.44,0.89;
SP1,03/02/2019,Betis,Ath Madrid,1,0,null,null,null,null,null,null,2,2,2,2,13,9,7,12,1.44,1,0.78,1.33;
SP1,03/02/2019,Eibar,Girona,3,0,null,null,null,null,null,null,2,2,1,1,18,10,13,9,2,1.11,1.44,1;
SP1,03/02/2019,Real Madrid,Alaves,3,0,null,null,null,null,null,null,2,2,1,1,12,4,16,5,1.33,0.44,1.78,0.56;
SP1,03/02/2019,Villarreal,Espanol,2,2,null,null,null,null,null,null,1,1,1,1,12,14,17,10,1.33,1.56,1.89,1.11;
SP1,04/02/2019,Vallecano,Leganes,1,2,null,null,null,null,null,null,1,1,1,1,16,15,11,8,1.78,1.67,1.22,0.89;
SP1,08/02/2019,Valladolid,Villarreal,0,0,null,null,null,null,null,null,2,2,1,1,10,11,14,9,1.11,1.22,1.56,1;
SP1,09/02/2019,Ath Madrid,Real Madrid,1,3,null,null,null,null,null,null,5,5,3,3,15,6,17,17,1.67,0.67,1.89,1.89;
SP1,09/02/2019,Espanol,Vallecano,2,1,null,null,null,null,null,null,1,1,3,3,12,16,13,6,1.33,1.78,1.44,0.67;
SP1,09/02/2019,Getafe,Celta,3,1,null,null,null,null,null,null,2,2,1,1,14,7,21,13,1.56,0.78,2.33,1.44;
SP1,09/02/2019,Girona,Huesca,0,2,null,null,null,null,null,null,1,1,1,1,7,12,13,5,0.78,1.33,1.44,0.56;
SP1,10/02/2019,Ath Bilbao,Barcelona,0,0,null,null,null,null,null,null,3,3,5,5,7,8,7,19,0.78,0.89,0.78,2.11;
SP1,10/02/2019,Leganes,Betis,3,0,null,null,null,null,null,null,1,1,1,1,13,6,15,10,1.44,0.67,1.67,1.11;
SP1,10/02/2019,Sevilla,Eibar,2,2,null,null,null,null,null,null,2,2,1,1,20,6,16,8,2.22,0.67,1.78,0.89;
SP1,10/02/2019,Valencia,Sociedad,0,0,null,null,null,null,null,null,2,2,1,1,12,6,8,11,1.33,0.67,0.89,1.22;
SP1,11/02/2019,Alaves,Levante,2,0,null,null,null,null,null,null,1,1,1,1,11,6,18,11,1.22,0.67,2,1.22;
SP1,15/02/2019,Eibar,Getafe,2,2,null,null,null,null,null,null,3,3,1,1,19,9,10,10,2.11,1,1.11,1.11;
SP1,16/02/2019,Barcelona,Valladolid,1,0,null,null,null,null,null,null,1,1,1,1,25,10,13,5,2.78,1.11,1.44,0.56;
SP1,16/02/2019,Celta,Levante,1,4,null,null,null,null,null,null,2,2,1,1,12,13,19,14,1.33,1.44,2.11,1.56;
SP1,16/02/2019,Sociedad,Leganes,3,0,null,null,null,null,null,null,2,2,2,2,11,7,13,8,1.22,0.78,1.44,0.89;
SP1,16/02/2019,Vallecano,Ath Madrid,0,1,null,null,null,null,null,null,1,1,1,1,15,14,7,11,1.67,1.56,0.78,1.22;
SP1,17/02/2019,Betis,Alaves,1,1,null,null,null,null,null,null,3,3,1,1,13,10,15,5,1.44,1.11,1.67,0.56;
SP1,17/02/2019,Real Madrid,Girona,1,2,null,null,null,null,null,null,3,3,1,1,12,6,13,10,1.33,0.67,1.44,1.11;
SP1,17/02/2019,Valencia,Espanol,0,0,null,null,null,null,null,null,1,1,1,1,11,5,15,8,1.22,0.56,1.67,0.89;
SP1,17/02/2019,Villarreal,Sevilla,3,0,null,null,null,null,null,null,1,1,1,1,15,13,15,5,1.67,1.44,1.67,0.56;
SP1,18/02/2019,Huesca,Ath Bilbao,0,1,null,null,null,null,null,null,2,2,1,1,11,13,12,8,1.22,1.44,1.33,0.89;
SP1,22/02/2019,Espanol,Huesca,1,1,null,null,null,null,null,null,2,2,2,2,12,17,11,6,1.33,1.89,1.22,0.67;
SP1,23/02/2019,Alaves,Celta,0,0,null,null,null,null,null,null,2,2,1,1,10,5,20,12,1.11,0.56,2.22,1.33;
SP1,23/02/2019,Ath Bilbao,Eibar,1,0,null,null,null,null,null,null,1,1,1,1,8,5,16,8,0.89,0.56,1.78,0.89;
SP1,23/02/2019,Getafe,Vallecano,2,1,null,null,null,null,null,null,3,3,1,1,16,6,13,5,1.78,0.67,1.44,0.56;
SP1,23/02/2019,Sevilla,Barcelona,2,4,null,null,null,null,null,null,1,1,1,1,19,10,7,22,2.11,1.11,0.78,2.44;
SP1,24/02/2019,Ath Madrid,Villarreal,2,0,null,null,null,null,null,null,1,1,1,1,16,6,16,6,1.78,0.67,1.78,0.67;
SP1,24/02/2019,Leganes,Valencia,1,1,null,null,null,null,null,null,2,2,1,1,12,6,9,9,1.33,0.67,1,1;
SP1,24/02/2019,Levante,Real Madrid,1,2,null,null,null,null,null,null,1,1,4,4,13,13,17,19,1.44,1.44,1.89,2.11;
SP1,24/02/2019,Valladolid,Betis,0,2,null,null,null,null,null,null,1,1,1,1,8,12,15,11,0.89,1.33,1.67,1.22;
SP1,25/02/2019,Girona,Sociedad,0,0,null,null,null,null,null,null,1,1,1,1,7,11,8,10,0.78,1.22,0.89,1.11;
SP1,01/03/2019,Vallecano,Girona,0,2,null,null,null,null,null,null,1,1,2,2,14,15,13,12,1.56,1.67,1.44,1.33;
SP1,02/03/2019,Espanol,Valladolid,3,1,null,null,null,null,null,null,1,1,1,1,12,17,16,5,1.33,1.89,1.78,0.56;
SP1,02/03/2019,Huesca,Sevilla,2,1,null,null,null,null,null,null,1,1,1,1,13,12,13,4,1.44,1.33,1.44,0.44;
SP1,02/03/2019,Real Madrid,Barcelona,0,1,null,null,null,null,null,null,1,1,2,2,12,7,6,22,1.33,0.78,0.67,2.44;
SP1,02/03/2019,Villarreal,Alaves,1,2,null,null,null,null,null,null,2,2,1,1,15,14,16,6,1.67,1.56,1.78,0.67;
SP1,03/03/2019,Betis,Getafe,1,2,null,null,null,null,null,null,1,1,1,1,14,11,10,10,1.56,1.22,1.11,1.11;
SP1,03/03/2019,Eibar,Celta,1,0,null,null,null,null,null,null,1,1,1,1,19,8,19,11,2.11,0.89,2.11,1.22;
SP1,03/03/2019,Sociedad,Ath Madrid,0,2,null,null,null,null,null,null,3,3,2,2,11,9,7,13,1.22,1,0.78,1.44;
SP1,03/03/2019,Valencia,Ath Bilbao,2,0,null,null,null,null,null,null,1,1,2,2,12,4,13,7,1.33,0.44,1.44,0.78;
SP1,04/03/2019,Leganes,Levante,1,0,null,null,null,null,null,null,1,1,2,2,12,6,19,12,1.33,0.67,2.11,1.33;
SP1,08/03/2019,Ath Bilbao,Espanol,1,1,null,null,null,null,null,null,2,2,1,1,8,3,16,7,0.89,0.33,1.78,0.78;
SP1,09/03/2019,Alaves,Eibar,1,1,null,null,null,null,null,null,1,1,1,1,10,6,15,6,1.11,0.67,1.67,0.67;
SP1,09/03/2019,Ath Madrid,Leganes,1,0,null,null,null,null,null,null,2,2,1,1,15,6,13,7,1.67,0.67,1.44,0.78;
SP1,09/03/2019,Barcelona,Vallecano,3,1,null,null,null,null,null,null,2,2,1,1,24,9,15,6,2.67,1,1.67,0.67;
SP1,09/03/2019,Getafe,Huesca,2,1,null,null,null,null,null,null,4,4,1,1,18,6,12,7,2,0.67,1.33,0.78;
SP1,10/03/2019,Celta,Betis,0,1,null,null,null,null,null,null,1,1,2,2,12,13,14,12,1.33,1.44,1.56,1.33;
SP1,10/03/2019,Girona,Valencia,2,3,null,null,null,null,null,null,1,1,1,1,7,11,11,11,0.78,1.22,1.22,1.22;
SP1,10/03/2019,Levante,Villarreal,0,2,null,null,null,null,null,null,1,1,1,1,11,14,13,7,1.22,1.56,1.44,0.78;
SP1,10/03/2019,Sevilla,Sociedad,5,2,null,null,null,null,null,null,1,1,1,1,22,11,12,9,2.44,1.22,1.33,1;
SP1,10/03/2019,Valladolid,Real Madrid,1,4,null,null,null,null,null,null,1,1,5,5,8,16,13,22,0.89,1.78,1.44,2.44;
SP1,15/03/2019,Sociedad,Levante,1,1,null,null,null,null,null,null,1,1,1,1,12,10,19,12,1.33,1.11,2.11,1.33;
SP1,16/03/2019,Ath Bilbao,Ath Madrid,2,0,null,null,null,null,null,null,1,1,3,3,10,3,8,12,1.11,0.33,0.89,1.33;
SP1,16/03/2019,Huesca,Alaves,1,3,null,null,null,null,null,null,2,2,2,2,13,14,15,8,1.44,1.56,1.67,0.89;
SP1,16/03/2019,Leganes,Girona,0,2,null,null,null,null,null,null,2,2,3,3,11,7,13,13,1.22,0.78,1.44,1.44;
SP1,16/03/2019,Real Madrid,Celta,2,0,null,null,null,null,null,null,1,1,1,1,13,5,18,8,1.44,0.56,2,0.89;
SP1,17/03/2019,Betis,Barcelona,1,4,null,null,null,null,null,null,1,1,3,3,12,12,5,23,1.33,1.33,0.56,2.56;
SP1,17/03/2019,Eibar,Valladolid,1,2,null,null,null,null,null,null,2,2,1,1,18,9,15,7,2,1,1.67,0.78;
SP1,17/03/2019,Espanol,Sevilla,0,1,null,null,null,null,null,null,2,2,1,1,11,18,13,5,1.22,2,1.44,0.56;
SP1,17/03/2019,Villarreal,Vallecano,3,1,null,null,null,null,null,null,1,1,1,1,17,14,16,6,1.89,1.56,1.78,0.67;
SP1,29/03/2019,Girona,Ath Bilbao,1,2,null,null,null,null,null,null,1,1,1,1,6,12,13,9,0.67,1.33,1.44,1;
SP1,17/03/2019,Valencia,Getafe,0,0,null,null,null,null,null,null,2,2,2,2,12,3,9,9,1.33,0.33,1,1;
SP1,30/03/2019,Alaves,Ath Madrid,0,4,null,null,null,null,null,null,1,1,1,1,8,9,7,15,0.89,1,0.78,1.67;
SP1,30/03/2019,Barcelona,Espanol,2,0,null,null,null,null,null,null,3,3,1,1,21,8,17,6,2.33,0.89,1.89,0.67;
SP1,31/03/2019,Levante,Eibar,2,2,null,null,null,null,null,null,1,1,1,1,11,16,13,8,1.22,1.78,1.44,0.89;
SP1,30/03/2019,Celta,Villarreal,3,2,null,null,null,null,null,null,1,1,2,2,11,15,14,8,1.22,1.67,1.56,0.89;
SP1,31/03/2019,Sevilla,Valencia,0,1,null,null,null,null,null,null,2,2,2,2,20,11,11,12,2.22,1.22,1.22,1.33;
SP1,31/03/2019,Valladolid,Sociedad,1,1,null,null,null,null,null,null,1,1,1,1,8,16,11,10,0.89,1.78,1.22,1.11;
SP1,31/03/2019,Vallecano,Betis,1,1,null,null,null,null,null,null,1,1,3,3,13,13,13,13,1.44,1.44,1.44,1.44;
SP1,31/03/2019,Real Madrid,Huesca,3,2,null,null,null,null,null,null,2,2,1,1,14,7,13,8,1.56,0.78,1.44,0.89;
SP1,30/03/2019,Getafe,Leganes,0,2,null,null,null,null,null,null,5,5,1,1,16,8,11,9,1.78,0.89,1.22,1;
SP1,02/04/2019,Villarreal,Barcelona,4,4,null,null,null,null,null,null,2,2,4,4,19,17,8,26,2.11,1.89,0.89,2.89;
SP1,02/04/2019,Ath Madrid,Girona,2,0,null,null,null,null,null,null,3,3,4,4,14,4,14,10,1.56,0.44,1.56,1.11;
SP1,03/04/2019,Ath Bilbao,Levante,3,2,null,null,null,null,null,null,2,2,1,1,12,4,20,12,1.33,0.44,2.22,1.33;
SP1,03/04/2019,Huesca,Celta,3,3,null,null,null,null,null,null,1,1,1,1,14,15,19,10,1.56,1.67,2.11,1.11;
SP1,03/04/2019,Valencia,Real Madrid,2,1,null,null,null,null,null,null,1,1,6,6,11,4,13,19,1.22,0.44,1.44,2.11;
SP1,04/04/2019,Sevilla,Alaves,2,0,null,null,null,null,null,null,1,1,3,3,20,10,16,8,2.22,1.11,1.78,0.89;
SP1,03/04/2019,Eibar,Vallecano,2,1,null,null,null,null,null,null,1,1,1,1,17,10,15,7,1.89,1.11,1.67,0.78;
SP1,06/04/2019,Barcelona,Ath Madrid,2,0,null,null,null,null,null,null,4,4,2,2,20,4,8,14,2.22,0.44,0.89,1.56;
SP1,06/04/2019,Girona,Espanol,1,2,null,null,null,null,null,null,1,1,1,1,7,14,16,7,0.78,1.56,1.78,0.78;
SP1,04/04/2019,Leganes,Valladolid,1,0,null,null,null,null,null,null,1,1,2,2,11,7,15,7,1.22,0.78,1.67,0.78;
SP1,06/04/2019,Vallecano,Valencia,2,0,null,null,null,null,null,null,1,1,3,3,13,11,13,11,1.44,1.22,1.44,1.22;
SP1,07/04/2019,Alaves,Leganes,1,1,null,null,null,null,null,null,1,1,2,2,7,9,12,10,0.78,1,1.33,1.11;
SP1,04/04/2019,Sociedad,Betis,2,1,null,null,null,null,null,null,1,1,1,1,12,10,12,10,1.33,1.11,1.33,1.11;
SP1,07/04/2019,Betis,Villarreal,2,1,null,null,null,null,null,null,1,1,1,1,13,13,14,7,1.44,1.44,1.56,0.78;
SP1,07/04/2019,Getafe,Ath Bilbao,1,0,null,null,null,null,null,null,1,1,2,2,17,7,11,7,1.89,0.78,1.22,0.78;
SP1,07/04/2019,Levante,Huesca,2,2,null,null,null,null,null,null,1,1,1,1,12,15,13,9,1.33,1.67,1.44,1;
SP1,07/04/2019,Celta,Sociedad,3,1,null,null,null,null,null,null,2,2,1,1,12,12,13,8,1.33,1.33,1.44,0.89;
SP1,06/04/2019,Real Madrid,Eibar,2,1,null,null,null,null,null,null,3,3,1,1,14,8,15,9,1.56,0.89,1.67,1;
SP1,07/04/2019,Valladolid,Sevilla,0,2,null,null,null,null,null,null,1,1,2,2,8,18,12,6,0.89,2,1.33,0.67;
SP1,02/04/2019,Espanol,Getafe,1,1,null,null,null,null,null,null,1,1,1,1,11,16,9,9,1.22,1.78,1,1;
